alpha-3;alpha-2;name;openLCA-ID
AFG;AF;Afghanistan;f0357a3f-154b-32ff-a2bf-f55055457068
ALB;AL;Albania;97282b27-8e5d-3186-af8e-57204e4820e5
DZA;DZ;Algeria;0de7b6a6-1a70-388b-a6e6-eeb3113531a3
ASM;AS;American Samoa;f970e276-7d0c-3e75-876e-a857f92e319b
AND;AD;Andorra;523af537-946b-39c4-b836-9ed39ba78605
AGO;AO;Angola;adac5e63-f80f-3629-a957-3527b25891d3
AIA;AI;Anguilla;4921c0e2-d1f6-305a-be1f-9ec2e2041909
ATA;AQ;Antarctica;b2b04af9-f8f3-3b06-a29e-03ac8d3c24ca
ATG;AG;Antigua and Barbuda;4e42f7dd-43ec-3fe1-84de-58610557c5ba
ARG;AR;Argentina;c582dec9-43ff-3b74-baa0-691df291cea6
ARM;AM;Armenia;c04cd38a-eb30-33ad-9f8a-b4e64a0ded7b
ABW;AW;Aruba;b787d22d-9cb0-3342-a58b-f546039117bc
AUS;AU;Australia;8bcc25c9-6aa5-371f-ba76-309077753e67
AUT;AT;Austria;7d0db380-a5b9-3a8b-a1da-0bca241abda1
AZE;AZ;Azerbaijan;cc8c0a97-c2df-3d73-8aff-160b65aa39e2
BHS;BS;Bahamas (the);7c9df801-238a-3e28-8ae2-675fd3166a1a
BHR;BH;Bahrain;c08bba7a-0c03-36f1-951e-8474d853ecbf
BGD;BD;Bangladesh;c419b06b-4c65-39b5-8ff0-5adb3b8424f1
BRB;BB;Barbados;21ad0bd8-36b9-3d08-b4cf-640b4c298e7c
BLR;BY;Belarus;df3f079d-e696-3496-b046-0dcfdbf9bca3
BEL;BE;Belgium;910955a9-07e7-39b8-9ec8-855763108a29
BLZ;BZ;Belize;b005ad12-9444-3268-8084-f19bf5e19729
BEN;BJ;Benin;39b9df3a-0fb3-356d-91a6-3e22260e96ab
BMU;BM;Bermuda;08424385-5820-39ca-87f4-66f645784636
BTN;BT;Bhutan;69206263-69b1-3058-84f5-e3d6f93b5f6e
BOL;BO;Bolivia (Plurinational State of);ad7532d5-b386-3a40-8fbe-01f9455dca36
BES;BQ;Bonaire, Sint Eustatius and Saba;52196aa5-4f16-34f9-acbf-26439c42c763
BIH;BA;Bosnia and Herzegovina;07159c47-ee1b-39ae-8fb9-c40d480856c4
BWA;BW;Botswana;823355b6-3ab3-3f0a-8e4d-1367e89abd1c
BVT;BV;Bouvet Island;121aa3ee-4a7d-3b1b-bbc7-60fd0c6de79b
BRA;BR;Brazil;dc634e20-7282-3fe0-b5be-9a2063390544
IOT;IO;British Indian Ocean Territory (the);f98ed07a-4d5f-30f7-9e14-10d905f1477f
BRN;BN;Brunei Darussalam;4e58188f-f528-3ea1-aec7-38fffc0e118d
BGR;BG;Bulgaria;5523c88d-d347-31b7-8c61-7f632b7efdb7
BFA;BF;Burkina Faso;c9f9d7dd-806c-3412-a041-837a80f47c64
BDI;BI;Burundi;99d4fb3d-b156-3c87-9a2c-dfc0158b37c3
CPV;CV;Cabo Verde;de3ec0aa-2234-3a1e-bee2-75bbc715c6c9
KHM;KH;Cambodia;fa46ec0b-4924-38c2-994a-53ef61b94039
CMR;CM;Cameroon;820eb5b6-96ea-3a65-bc0d-b1e258dc7d81
CAN;CA;Canada;5435c69e-d3bc-35b2-a4d5-80e393e373d3
CYM;KY;Cayman Islands (the);9e854e58-6592-3fe3-961f-e89d56220808
CAF;CF;Central African Republic (the);4e29342d-9904-364e-9e25-fd3b92558e2f
TCD;TD;Chad;626726e6-0bd1-315f-b671-9a308a25b798
CHL;CL;Chile;161747ec-4dc9-355f-9760-195593742232
CHN;CN;China;7efdfc94-655a-35dc-aa3e-c85e9bb703fa
CXR;CX;Christmas Island;0bdff809-5c8b-31b3-8775-bf35547a1317
CCK;CC;Cocos (Keeling) Islands (the);e0323a90-39ad-3297-8bf5-b49550572c7c
COL;CO;Colombia;ab6c0400-6660-3ef2-919d-512b21dce9ab
COM;KM;Comoros (the);9b05de73-d43f-3c4e-8111-0c6bcc5312bc
COD;CD;Congo (the Democratic Republic of the);6865aeb3-a9ed-38f9-a79e-c454b259e5d0
COG;CG;Congo (the);6e9cf3ee-f65d-3697-b96c-f33f27eb0f57
COK;CK;Cook Islands (the);d5a5b3dd-1ccb-30d3-8360-f0c068fd43fc
CRI;CR;Costa Rica;324d8a1d-3f81-3730-9509-9a48cee0c5b6
HRV;HR;Croatia;adab7b70-1f23-3b82-814c-8506d3dc784e
CUB;CU;Cuba;a4dbfd6a-ef3b-3045-be61-aa0146debdf8
CUW;CW;Curaçao;0707ba09-2e91-360b-b05c-326e6a353593
CYP;CY;Cyprus;471c1f3f-c1dd-3bb8-8d03-41b03e4be59e
CZE;CZ;Czechia;9c049173-fad5-34f8-9c68-231237df85b8
CIV;CI;Côte d'Ivoire;35ea51ba-f1fe-3f01-82ad-5f950855dde0
DNK;DK;Denmark;0ecbf942-6bcf-3d9a-886d-ed5fc8c4eca8
DJI;DJ;Djibouti;64ca6097-2a6e-3926-91c4-b9d31080c687
DMA;DM;Dominica;608e7dc1-16de-3157-b060-12b4f0be82ac
DOM;DO;Dominican Republic (the);d4579b26-88d6-3523-9f40-2f6b4b43bcbf
ECU;EC;Ecuador;2f53e6f3-f2ac-3041-a4e0-737e58c45321
EGY;EG;Egypt;2a6a84e9-e444-31af-bd75-cc19ce28be37
SLV;SV;El Salvador;74354112-1c12-3113-af80-7d1582c74bea
GNQ;GQ;Equatorial Guinea;b84a1ed8-db3d-3bf3-b8f4-9becdea153b2
ERI;ER;Eritrea;818f9c45-cfa3-3eef-b277-ef38bcbe9910
EST;EE;Estonia;08a4415e-9d59-3ff9-a003-0b921d42b91e
SWZ;SZ;Eswatini;7dabf5c1-98b0-3ab2-aaa4-2bb03a113e55
ETH;ET;Ethiopia;4de1b7a4-dc53-34a8-8c25-ffb7cdb580ee
FLK;FK;Falkland Islands (the) [Malvinas];ef1cb6e7-2d14-3b18-8cc2-41037203f60b
FRO;FO;Faroe Islands (the);eed80702-4939-3808-883f-0031a56e9872
FJI;FJ;Fiji;6fac3ab6-03bb-3fb4-ae42-77786393194c
FIN;FI;Finland;75778bf8-fde7-366d-816b-0089e7b8b793
FRA;FR;France;82a9e4d2-6595-387a-b6e4-42391d8c5bba
GUF;GF;French Guiana;e5bb2379-7bfe-3314-a3db-43d07dbd6a74
PYF;PF;French Polynesia;7287aa2c-53d0-3440-9a9d-b5614937e36f
ATF;TF;French Southern Territories (the);114d6a41-5b3d-34db-b92c-a7c0da0c7a55
GAB;GA;Gabon;32d7508f-e692-30cb-80af-28441ef746d9
GMB;GM;Gambia (the);92073d2f-e26e-343c-a222-cc0fb0b7d7a0
GEO;GE;Georgia;0ba64a0d-ea00-3479-96df-b6a66866e1ca
DEU;DE;Germany;5f02f088-9301-3d7b-a1ac-972c11bf3e7d
GHA;GH;Ghana;19b19ffc-30ca-3f1c-9376-cd2982992a59
GIB;GI;Gibraltar;28dd376c-5a44-3cc9-ae45-0ee338260c56
GRC;GR;Greece;d692bc40-d834-33d2-8d3a-37582f58468c
GRL;GL;Greenland;ce1d5a24-80e0-34a2-91c1-c7968cc66c13
GRD;GD;Grenada;a6be8a33-b7c9-37f4-bfb7-6d9c9805c7eb
GLP;GP;Guadeloupe;5343b21a-d303-3f17-9962-9894deca13db
GUM;GU;Guam;d2a460df-08a4-3b7a-958f-635b540d90cb
GTM;GT;Guatemala;1bfad22f-0925-378f-b10a-37440bfdff43
GGY;GG;Guernsey;73c18c59-a39b-3838-a081-ec00bb456d43
GIN;GN;Guinea;5123dd8b-087b-344f-9b8f-8603acd1bad4
GNB;GW;Guinea-Bissau;3f071f4f-163d-3855-9f4f-c1544c7f69a6
GUY;GY;Guyana;5e08be98-8691-354c-937b-997b4cb6ad97
HTI;HT;Haiti;eb5e48e7-4123-3acc-9276-1302ea4a7d22
HMD;HM;Heard Island and McDonald Islands;2ab5564b-805d-3065-b4bc-f81060472746
VAT;VA;Holy See (the);43b1cc1d-b7be-33d8-99dd-4280f578691a
HND;HN;Honduras;59ca4f8b-bb97-33c2-ab59-db115fcdb664
HKG;HK;Hong Kong;ae417185-6a75-37b6-bd51-fc0e1f95902e
HUN;HU;Hungary;18bd9197-cb1d-333b-8352-f47535c00320
ISL;IS;Iceland;a2a551a6-458a-3de2-a446-cc76d639a9e9
IND;IN;India;13b5bfe9-6f3e-3fe4-91c9-f66f4a582adf
IDN;ID;Indonesia;b80bb774-0288-3da1-b201-890375a60c8f
IRN;IR;Iran (Islamic Republic of);d74eea48-99a6-3f9f-8bc5-27ef988ea0ff
IRQ;IQ;Iraq;795237fd-9d10-3e63-8d19-b0db0f2fba2f
IRL;IE;Ireland;25400724-d737-3b0b-a9c9-369d9af3dd21
IMN;IM;Isle of Man;73bebce3-95b6-31ef-adcf-6842fbdb4d76
ISR;IL;Israel;4605f628-f91d-321e-8b5f-9433f46e29eb
ITA;IT;Italy;0d149b90-e739-3297-b01c-90191ae775f0
JAM;JM;Jamaica;3da770cc-56ed-3407-b6aa-f10ad4e72b4d
JPN;JP;Japan;55add3d8-45bf-3d87-a9b0-949b0da49c0a
JEY;JE;Jersey;79563e90-630a-3352-9dff-01b6638b0886
JOR;JO;Jordan;674f3384-1e23-39ff-9d24-c85dc3b999de
KAZ;KZ;Kazakhstan;9008f9e2-758f-38fe-920b-1765e72734d5
KEN;KE;Kenya;25bc6654-798e-3508-ba0b-6343212a74fe
KIR;KI;Kiribati;988287f7-a1eb-366f-bc4e-19bdbdeec7c3
PRK;KP;Korea (the Democratic People's Republic of);26b568e4-192a-364d-9b3e-acdbd632bc2e
KOR;KR;Korea (the Republic of);dcf0d7d2-cd12-3bf4-a580-d43f29785dd3
KWT;KW;Kuwait;048685d9-6262-3854-82a1-d5bb4a14bc3b
KGZ;KG;Kyrgyzstan;ebe86682-666f-3ab3-9a08-43ed3097e4b3
LAO;LA;Lao People's Democratic Republic (the);c9089f3c-9ada-3018-af6f-fb1ee8d6501c
LVA;LV;Latvia;85d1a9c4-88d7-317e-a862-91a755e5d43c
LBN;LB;Lebanon;26403ec6-d537-3a31-b63e-294b44831734
LSO;LS;Lesotho;44ba5ca6-5651-34f3-af19-27576dd35436
LBR;LR;Liberia;58791f32-2c1b-3c3d-a614-1788d3b8666f
LBY;LY;Libya;e728b477-51c6-3559-82cb-60f97d1e4553
LIE;LI;Liechtenstein;d70c1e5d-44de-3a91-90eb-91ecff563578
LTU;LT;Lithuania;d91af695-8918-3f87-96a0-57c1cdf5b225
LUX;LU;Luxembourg;3e7e122b-f08f-3843-ac96-1ba491089dc9
MAC;MO;Macao;27c9d518-7cd2-33f8-9160-ec1ed2b5ac89
MDG;MG;Madagascar;b351bb9b-0af6-34fc-a787-49675c53ad67
MWI;MW;Malawi;38fed710-7cee-3580-98ca-06304c1beb90
MYS;MY;Malaysia;6864f389-d987-3436-bc87-78ff071d1b6c
MDV;MV;Maldives;94d03594-5b3d-3218-a669-c4d3f6daa104
MLI;ML;Mali;9830e1f8-1f62-3b33-906a-cc186b93374e
MLT;MT;Malta;710998fd-1b7c-3235-9702-65650770a4b1
MHL;MH;Marshall Islands (the);ed8f5b7e-7439-3143-b43a-93dc753618ae
MTQ;MQ;Martinique;1d8a4975-693e-31eb-9ca5-4878098d608f
MRT;MR;Mauritania;d9394066-970e-34ae-a52f-d0347e58c03e
MUS;MU;Mauritius;89aa4b19-6b48-38a1-ba65-49bb1eaebd80
MYT;YT;Mayotte;fa0ed5b5-c600-345b-9d9a-299952b99651
MEX;MX;Mexico;3d26b0b1-7065-32cf-a9c0-6c010184c684
FSM;FM;Micronesia (Federated States of);0ab34ca9-7d99-3659-9bf8-9817789cb5de
MDA;MD;Moldova (the Republic of);793914c9-c583-39d8-ad0f-4ed8c521b0c1
MCO;MC;Monaco;d6fd0924-e324-3506-a9ae-0295adf59567
MNG;MN;Mongolia;41256636-7c67-348b-999d-1b7666f8ccfc
MNE;ME;Montenegro;ab86a1e1-ef70-3ff9-b959-067b723c5c24
MSR;MS;Montserrat;ee33e909-372d-335d-990f-4fcb2a92d542
MAR;MA;Morocco;b74df323-e393-3b56-b635-a2cba7a7afba
MOZ;MZ;Mozambique;4f3dd0ff-b3e4-3c5f-b4b5-b0d8c1f10bb5
MMR;MM;Myanmar;b3cd915d-7580-38bd-99d0-f2428fbb354a
NAM;NA;Namibia;6ec66e12-4fb9-3c19-8e92-07b0b82f542a
NRU;NR;Nauru;0ab3e5d0-801a-3a3f-b758-bcbd812e8f10
NPL;NP;Nepal;cf3fc916-339b-32ad-9c14-aca2425ccf53
NLD;NL;Netherlands (the);1a13105b-7e4e-35fb-ae7c-9515ac06aa48
NCL;NC;New Caledonia;1e734284-5e24-3b3b-9b35-54490da1c128
NZL;NZ;New Zealand;c97b334f-fd41-3a49-9708-3f1949632bc1
NIC;NI;Nicaragua;e6c151d4-49e1-3b05-b1ff-b5ad5ec656cf
NER;NE;Niger (the);d4f91763-3649-33c4-bc7a-b917fa990146
NGA;NG;Nigeria;66e10e9f-f65e-3479-a54d-de3968d3440d
NIU;NU;Niue;0288bde0-c2d5-33f2-b576-6f61b826a650
NFK;NF;Norfolk Island;78d9238c-1a21-3c8b-be8f-6c26172fb12d
MNP;MP;Northern Mariana Islands (the);1f2dfa56-7dcf-3583-bedd-f7aec167fec7
NOR;NO;Norway;7fa3b767-c460-354a-abe4-d49030b349c7
OMN;OM;Oman;d58da822-8993-3d8c-8ec4-f40689c2847e
PAK;PK;Pakistan;1cd3c693-132f-3c31-b5b5-e5f4c5eed6bd
PLW;PW;Palau;8fe4c114-5128-3c09-8a65-78e6ddbf5eed
PSE;PS;Palestine, State of;8812c36a-a5ae-336c-aa77-bf63211d899a
PAN;PA;Panama;e529a9ce-a4a7-38eb-9c58-28b13b22844c
PNG;PG;Papua New Guinea;235ec523-92b7-3977-939c-f78b62e708d3
PRY;PY;Paraguay;dfed5bc1-77b8-3ab3-97c5-84e06566adc6
PER;PE;Peru;dd07de85-6139-3a7c-b7f8-fcc1752d45e1
PHL;PH;Philippines (the);da984e42-a589-3bbd-ac49-6ef0cbadcee2
PCN;PN;Pitcairn;ded0804c-f804-36d2-ae37-953dc2dbc505
POL;PL;Poland;28840420-4e3d-3522-a930-8317344a285d
PRT;PT;Portugal;fc9fdf08-4e29-3f26-a270-390dc49061a2
PRI;PR;Puerto Rico;64e1e1cb-e1ca-3e88-af3a-838a3e7b57d6
QAT;QA;Qatar;8264ee52-f589-34c0-991a-a94f87aa1aeb
MKD;MK;Republic of North Macedonia;07d93568-0b65-31b2-a42f-e4baea021389
ROU;RO;Romania;3605c251-087b-3821-ac9b-ca890e07ad9c
RUS;RU;Russian Federation (the);89484b14-b36a-3d53-a942-6a3d944d2983
RWA;RW;Rwanda;038c0dc8-a958-3fea-97af-047244fb6960
REU;RE;Réunion;12eccbdd-9b32-3181-b134-1f38907cbbb5
BLM;BL;Saint Barthélemy;fd18772c-bac1-3277-b20d-cccc1b90efb9
SHN;SH;Saint Helena, Ascension and Tristan da Cunha;77cbc257-e663-3286-acf6-191754c0c8e3
KNA;KN;Saint Kitts and Nevis;8c7e6965-b416-3689-a88b-313bbe7450f9
LCA;LC;Saint Lucia;196accbc-f32b-3a8e-abef-92e1a37d0fc0
MAF;MF;Saint Martin (French part);ea81aa7d-f47d-34c6-b37b-f98fabf3ff82
SPM;PM;Saint Pierre and Miquelon;5109d85d-95fe-3e78-96d9-704e6e5b1279
VCT;VC;Saint Vincent and the Grenadines;c56e5259-4d4e-3e7f-acb2-b96c4637b486
WSM;WS;Samoa;742523da-ef59-3b4b-b184-09f46de05d0c
SMR;SM;San Marino;ed79acb0-cd3d-3f83-a0c5-3c7798335ef0
STP;ST;Sao Tome and Principe;627fcdb6-cc9a-3e16-9657-ca6cdef0a6bb
SAU;SA;Saudi Arabia;c12e01f2-a13f-3558-be1e-9e4aedb8242d
SEN;SN;Senegal;afbe94cd-be69-393e-babc-9f1325fc7dff
SRB;RS;Serbia;3a2d7564-baee-3918-aebc-7b65084aabd1
SYC;SC;Seychelles;d54185b7-1f61-3c30-a396-ac4bc44d3269
SLE;SL;Sierra Leone;54a2bf8c-09ac-367d-b513-aaa1aa7aa0f3
SGP;SG;Singapore;5dae4296-88af-3c52-9ad8-7ac394192c6d
SXM;SX;Sint Maarten (Dutch part);2c38b9e4-5cec-3b32-8dde-4e3d5b22c648
SVK;SK;Slovakia;41d6ad07-61a5-327a-9e1b-d567041ce9e9
SVN;SI;Slovenia;ac5585d9-8646-3255-a99c-359140537783
SLB;SB;Solomon Islands;26148d62-1ef7-3844-918a-f182d63976b6
SOM;SO;Somalia;b807023f-87e6-3b8a-9a92-f79f546ff9cc
ZAF;ZA;South Africa;959848ca-10cc-3a60-9a81-8ac11523dc63
SGS;GS;South Georgia and the South Sandwich Islands;1d8d5e91-2302-308b-9e88-c3e77fcad378
SSD;SS;South Sudan;3691308f-2a4c-3f69-83f2-880d32e29c84
ESP;ES;Spain;12470fe4-06d4-3017-996e-ab37dd65fc14
LKA;LK;Sri Lanka;d0fa06cd-9333-3c8c-ae35-7ffe5cd1c4e9
SDN;SD;Sudan (the);6226f7cb-e59e-39a9-8b5c-ef6f94f966fd
SUR;SR;Suriname;e22428cc-f96c-3a96-b4a9-39c209ad1000
SJM;SJ;Svalbard and Jan Mayen;b5bf27b2-555d-344e-bdf2-230080db5a1d
SWE;SE;Sweden;efad7abb-323e-3d40-9628-4c8a6da076a1
CHE;CH;Switzerland;d88fc6ed-f21e-3464-935f-f76288b84103
SYR;SY;Syrian Arab Republic;1548af1c-94ad-3558-8324-df8f08baf227
TWN;TW;Taiwan (Province of China);255a5cac-7685-3722-b4d0-2f04c37be771
TJK;TJ;Tajikistan;456c2e75-fe0f-3a57-bd1c-fd87117e0963
TZA;TZ;Tanzania, United Republic of;73bb4387-b307-3739-aacb-9cd62ac4049c
THA;TH;Thailand;1fdc0f89-3412-3e55-b0d2-811821b84d3b
TLS;TL;Timor-Leste;313a21d5-badc-3f56-b223-8ebf8c7690f6
TGO;TG;Togo;1f0eb098-5870-335e-a2fa-2f68a223b173
TKL;TK;Tokelau;b6717b91-c759-3cc0-bf30-aa9a784e6390
TON;TO;Tonga;01b6e203-44b6-3835-85ed-1ddedf20d531
TTO;TT;Trinidad and Tobago;accc9105-df53-3311-9407-fd5b41255e23
TUN;TN;Tunisia;aafb96b2-fa88-36be-b07c-4496867bad56
TUR;TR;Turkey;e7d707a2-6e7f-3b6f-b52c-489c60e429b1
TKM;TM;Turkmenistan;6a962563-e235-3178-9e66-3e356ac8d9e4
TCA;TC;Turks and Caicos Islands (the);5c4fefda-27cf-384c-b999-be13e6b8608a
TUV;TV;Tuvalu;c9a1fdac-6e08-3dd8-9e71-73244f34d7b3
UGA;UG;Uganda;2a0617ac-cf8b-3862-9c43-e2ffeb5b8d5b
UKR;UA;Ukraine;5269f4d7-5f5b-375f-8f94-bab2100a5531
ARE;AE;United Arab Emirates (the);b6bb43df-4525-3928-a105-fb5741bddbea
GBR;GB;United Kingdom of Great Britain and Northern Ireland (the);7885444a-f42e-3b30-8518-c5be17c8850b
UMI;UM;United States Minor Outlying Islands (the);0dd00e33-b6fc-37b8-91eb-e3177217d6c0
USA;US;United States of America (the);0b3b97fa-6688-3c56-88ee-4ae80ec0c3c2
URY;UY;Uruguay;1b23f8a4-c97c-355f-b57e-c2aae921f03d
UZB;UZ;Uzbekistan;8b3274b7-55aa-3339-82f5-7fb557e25923
VUT;VU;Vanuatu;0730b75e-96c0-353b-9b19-6be7ff4fa194
VEN;VE;Venezuela (Bolivarian Republic of);eabb18f0-a40c-3b35-9237-0c9e1bc1d61e
VNM;VN;Viet Nam;5e9c52c6-d618-381e-bd9d-62a294c4979c
VGB;VG;Virgin Islands (British);1815235d-384d-3912-9466-8c73298f1e52
VIR;VI;Virgin Islands (U.S.);35b36b28-916d-38b3-8abd-df832e286126
WLF;WF;Wallis and Futuna;c1b291cb-8522-336e-8217-31b509c9fcdd
ESH;EH;Western Sahara;28c494da-87ff-3996-9927-ac34ba30adbe
YEM;YE;Yemen;00c66f1a-036b-38f9-8b70-9cb8d925d3d9
ZMB;ZM;Zambia;d9c29677-6530-3ff5-92a5-ab979ed1f7a0
ZWE;ZW;Zimbabwe;a1555463-c361-3703-aa27-4a8b44e29192
ALA;AX;Åland Islands;9cea1e24-73aa-3499-95fa-34faac95b3e7
