"﻿00c66f1a-036b-38f9-8b70-9cb8d925d3d9";"YE";"146f1702-7d7e-11de-9ae2-0019e336be3a";"YE"
"01b6e203-44b6-3835-85ed-1ddedf20d531";"TO";"13335286-7d7e-11de-9ae2-0019e336be3a";"TO"
"0288bde0-c2d5-33f2-b576-6f61b826a650";"NU";"0fe1621c-7d7e-11de-9ae2-0019e336be3a";"NU"
"02cb9a5a-488d-3ea0-84d9-3ae7b315e386";"UN-WASIA";"4ed30b08-88d5-11de-99d3-0019e336be3a";"UN-WASIA"
"038c0dc8-a958-3fea-97af-047244fb6960";"RW";"129718da-7d7e-11de-9ae2-0019e336be3a";"RW"
"042dd99e-b0ff-3653-814e-445ca0093427";"ROC";"a4d7d7fd-94ae-4f44-91ba-53cd7f79bac4";"ROC"
"048685d9-6262-3854-82a1-d5bb4a14bc3b";"KW";"0f16e870-7d7e-11de-9ae2-0019e336be3a";"KW"
"05b093bc-7b17-3c30-a09d-1c41f13e009a";"UN-AUSTRALIANZ";"fb4bde60-e62b-11de-ba56-0019e336be3a";"UN-AUSTRALIANZ"
"06e2458b-3178-3438-b3f4-84051244c27d";"RER w/o AT+BE+CH+DE+FR+IT";"c428af56-39c0-4dca-a617-8716b52a6640";"RER w/o AT+BE+CH+DE+FR+IT"
"0707ba09-2e91-360b-b05c-326e6a353593";"CW";"c08de0ce-64e7-4efb-a37f-8df754c262c8";"CW"
"07159c47-ee1b-39ae-8fb9-c40d480856c4";"BA";"09f7dc00-7d7e-11de-9ae2-0019e336be3a";"BA"
"0730b75e-96c0-353b-9b19-6be7ff4fa194";"VU";"10cf3776-7d7e-11de-9ae2-0019e336be3a";"VU"
"07d93568-0b65-31b2-a42f-e4baea021389";"MK";"0f78e944-7d7e-11de-9ae2-0019e336be3a";"MK"
"08424385-5820-39ca-87f4-66f645784636";"BM";"09d5d736-7d7e-11de-9ae2-0019e336be3a";"BM"
"08a4415e-9d59-3ff9-a003-0b921d42b91e";"EE";"0d28a62a-7d7e-11de-9ae2-0019e336be3a";"EE"
"0ab34ca9-7d99-3659-9bf8-9817789cb5de";"FM";"0d684cbc-7d7e-11de-9ae2-0019e336be3a";"FM"
"0ab3e5d0-801a-3a3f-b758-bcbd812e8f10";"NR";"11148498-7d7e-11de-9ae2-0019e336be3a";"NR"
"0b3b97fa-6688-3c56-88ee-4ae80ec0c3c2";"US";"13d387f6-7d7e-11de-9ae2-0019e336be3a";"US"
"0ba64a0d-ea00-3479-96df-b6a66866e1ca";"GE";"0d8feaa6-7d7e-11de-9ae2-0019e336be3a";"GE"
"0c3eee87-5877-3e08-bafd-45af750ca0b8";"CN-BJ";"a7cf4239-43f5-4256-ae84-e94595cbaac6";"CN-BJ"
"0d0ac1d0-76ad-307d-8b0e-05f06c746da9";"RAF";"2f693dc6-7e28-11de-9820-0019e336be3a";"RAF"
"0d149b90-e739-3297-b01c-90191ae775f0";"IT";"0ebb28b4-7d7e-11de-9ae2-0019e336be3a";"IT"
"0dd00e33-b6fc-37b8-91eb-e3177217d6c0";"UM";"10cadb86-7d7e-11de-9ae2-0019e336be3a";"UM"
"0de7b6a6-1a70-388b-a6e6-eeb3113531a3";"DZ";"095ec4f2-7d7e-11de-9ae2-0019e336be3a";"DZ"
"0ecbf942-6bcf-3d9a-886d-ed5fc8c4eca8";"DK";"0cf950f0-7d7e-11de-9ae2-0019e336be3a";"DK"
"10a33d7b-6e2e-3aa5-8dee-a126f06ae6c1";"CN-GS";"d5231e2f-479b-4f21-9173-35beeaf2406a";"CN-GS"
"114d6a41-5b3d-34db-b92c-a7c0da0c7a55";"TF";"10bb74b6-7d7e-11de-9ae2-0019e336be3a";"TF"
"11a4769f-1f94-3ef6-9be6-a120cd4e3e67";"UN-MICRONESIA";"26bf514e-e62c-11de-ba56-0019e336be3a";"UN-MICRONESIA"
"11c42ab9-2538-3eb1-b665-6076cee71221";"CA-YK";"29dca13b-9d4b-4714-9c80-1808b9127dda";"CA-YK"
"121aa3ee-4a7d-3b1b-bbc7-60fd0c6de79b";"BV";"10b7703c-7d7e-11de-9ae2-0019e336be3a";"BV"
"12470fe4-06d4-3017-996e-ab37dd65fc14";"ES";"12ea642c-7d7e-11de-9ae2-0019e336be3a";"ES"
"12eccbdd-9b32-3181-b134-1f38907cbbb5";"RE";"117d1850-7d7e-11de-9ae2-0019e336be3a";"RE"
"13b5bfe9-6f3e-3fe4-91c9-f66f4a582adf";"IN";"0e6a7860-7d7e-11de-9ae2-0019e336be3a";"IN"
"1494adfb-98f4-3dc3-83b2-10bead2efff7";"AUS-SAS";"c2bb7d7f-6242-4b3c-98cd-62b03f7a8be3";"AUS-SAS"
"14b3773a-9228-3ca1-98e3-3d0017100d23";"AUS-IOT";"946938ce-9c81-4a3c-a6ce-ce60a931c602";"AUS-IOT"
"1548af1c-94ad-3558-8324-df8f08baf227";"SY";"130d4f28-7d7e-11de-9ae2-0019e336be3a";"SY"
"1560a2df-f599-3750-9974-8cbda44b4c51";"RFC";"42e6cfaf-ffa3-4f42-85bb-55e1b1c40c56";"RFC"
"15b95f69-f97e-36b9-a54e-905eff9c2bdb";"IAI Area, Europe outside EU & EFTA";"0fc981f0-eb14-436c-834f-c6ce005a4dc4";"IAI Area, Europe outside EU & EFTA"
"16096b94-483a-3671-b7a2-16db4118f8df";"NAFTA";"047116e2-d932-11de-9627-0019e336be3a";"NAFTA"
"161747ec-4dc9-355f-9760-195593742232";"CL";"0c852cde-7d7e-11de-9ae2-0019e336be3a";"CL"
"1815235d-384d-3912-9466-8c73298f1e52";"VG";"14480004-7d7e-11de-9ae2-0019e336be3a";"VG"
"18bd9197-cb1d-333b-8352-f47535c00320";"HU";"0e56bc44-7d7e-11de-9ae2-0019e336be3a";"HU"
"196accbc-f32b-3a8e-abef-92e1a37d0fc0";"LC";"12f2d954-7d7e-11de-9ae2-0019e336be3a";"LC"
"19b19ffc-30ca-3f1c-9376-cd2982992a59";"GH";"0d95a34c-7d7e-11de-9ae2-0019e336be3a";"GH"
"1a13105b-7e4e-35fb-ae7c-9515ac06aa48";"NL";"10df2fe6-7d7e-11de-9ae2-0019e336be3a";"NL"
"1b23f8a4-c97c-355f-b57e-c2aae921f03d";"UY";"14266b60-7d7e-11de-9ae2-0019e336be3a";"UY"
"1bfad22f-0925-378f-b10a-37440bfdff43";"GT";"0e2fbd60-7d7e-11de-9ae2-0019e336be3a";"GT"
"1c280670-4821-3d48-b168-efc6d6685406";"RAS";"19c7cdd2-e590-11de-9dfe-0019e336be3a";"RAS"
"1cd3c693-132f-3c31-b5b5-e5f4c5eed6bd";"PK";"11430eee-7d7e-11de-9ae2-0019e336be3a";"PK"
"1d8a4975-693e-31eb-9ca5-4878098d608f";"MQ";"0f671a66-7d7e-11de-9ae2-0019e336be3a";"MQ"
"1d8d5e91-2302-308b-9e88-c3e77fcad378";"GS";"154830be-7d7e-11de-9ae2-0019e336be3a";"GS"
"1e11ad8e-d46d-368b-9ef5-a43e99dec543";"UN-EUROPE";"f2d812a2-e631-11de-ba56-0019e336be3a";"UN-EUROPE"
"1e2bf244-82a6-36c2-9374-13eae0aeac38";"Québec";"868a66d1-7428-4ba2-9125-253b07afc119";"CA-QC"
"1e734284-5e24-3b3b-9b35-54490da1c128";"NC";"0fdb5bec-7d7e-11de-9ae2-0019e336be3a";"NC"
"1e9be3c3-b260-37d5-8199-be20ff6cc65f";"CN-JS";"dc5987d0-7a19-4843-82f1-15708e106edb";"CN-JS"
"1f0eb098-5870-335e-a2fa-2f68a223b173";"TG";"1337d22a-7d7e-11de-9ae2-0019e336be3a";"TG"
"1f2dfa56-7dcf-3583-bedd-f7aec167fec7";"MP";"0ffb63d8-7d7e-11de-9ae2-0019e336be3a";"MP"
"1fdc0f89-3412-3e55-b0d2-811821b84d3b";"TH";"131dd2ee-7d7e-11de-9ae2-0019e336be3a";"TH"
"21ad0bd8-36b9-3d08-b4cf-640b4c298e7c";"BB";"09d2df90-7d7e-11de-9ae2-0019e336be3a";"BB"
"21f95e96-39a6-3597-9376-f920757c6fb3";"CN-SD";"2b2ddda2-bb8e-42f7-82e5-013cc04f7bc5";"CN-SD"
"235ec523-92b7-3977-939c-f78b62e708d3";"PG";"11663ae0-7d7e-11de-9ae2-0019e336be3a";"PG"
"24213e9e-14b7-3f9c-be7d-189643518a9d";"CA-PE";"b5b34218-bee7-4196-b70c-1b5ad433801a";"CA-PE"
"25400724-d737-3b0b-a9c9-369d9af3dd21";"IE";"0d1de104-7d7e-11de-9ae2-0019e336be3a";"IE"
"255a5cac-7685-3722-b4d0-2f04c37be771";"TW";"154d2934-7d7e-11de-9ae2-0019e336be3a";"TW"
"25bc6654-798e-3508-ba0b-6343212a74fe";"KE";"0ef4e126-7d7e-11de-9ae2-0019e336be3a";"KE"
"26148d62-1ef7-3844-918a-f182d63976b6";"SB";"0a1ab78e-7d7e-11de-9ae2-0019e336be3a";"SB"
"26403ec6-d537-3a31-b63e-294b44831734";"LB";"0f35d820-7d7e-11de-9ae2-0019e336be3a";"LB"
"267b1b52-9830-3ddd-bce9-0be0b80a70ec";"CN-TJ";"24c6336b-e160-4d2a-8d25-ac207a66f6c1";"CN-TJ"
"26b568e4-192a-364d-9b3e-acdbd632bc2e";"KP";"0f0215a8-7d7e-11de-9ae2-0019e336be3a";"KP"
"26f19341-0269-3662-9c33-6561ad91237f";"CN-SH";"4a15b2ab-5593-48d7-a7b9-b1c07c5ca99b";"CN-SH"
"27c9d518-7cd2-33f8-9160-ec1ed2b5ac89";"MO";"10105c52-7d7e-11de-9ae2-0019e336be3a";"MO"
"27ec30d1-c271-32b7-8cdf-d39530307275";"WEU";"de74489a-e3bf-4b3a-8463-b7b9eba8a8fb";"WEU"
"28840420-4e3d-3522-a930-8317344a285d";"PL";"114ebb04-7d7e-11de-9ae2-0019e336be3a";"PL"
"288ea1e1-79de-3bc8-8a29-958f9857d9d1";"UN-CARIBBEAN";"87b165cf-8b3c-4289-807e-4512b4fb2b2f";"UN-CARIBBEAN"
"28c494da-87ff-3996-9927-ac34ba30adbe";"EH";"151bdf00-7d7e-11de-9ae2-0019e336be3a";"EH"
"28dd376c-5a44-3cc9-ae45-0ee338260c56";"GI";"10061efe-7d7e-11de-9ae2-0019e336be3a";"GI"
"2a0617ac-cf8b-3862-9c43-e2ffeb5b8d5b";"UG";"13685c7e-7d7e-11de-9ae2-0019e336be3a";"UG"
"2a552811-5dc6-3462-a113-dda562233bd7";"Dhekelia Base";"0fe2ebfb-0eb4-4f42-8ec4-628d26f61f77";"Dhekelia Base"
"2a6a84e9-e444-31af-bd75-cc19ce28be37";"EG";"0d168940-7d7e-11de-9ae2-0019e336be3a";"EG"
"2ab5564b-805d-3065-b4bc-f81060472746";"HM";"10c0fae4-7d7e-11de-9ae2-0019e336be3a";"HM"
"2c38b9e4-5cec-3b32-8dde-4e3d5b22c648";"SX";"4c344fd5-a67d-412e-adb4-f3191817011f";"SX"
"2ccce7fd-714d-3ce6-8a5d-909f98c8819f";"AUS-WAS";"0ae22e97-4563-473f-9209-3221544a097f";"AUS-WAS"
"2d3a62fe-4d77-3861-9a5d-b0ba1452a7bc";"CA-NF";"92618f91-5370-41d9-b5d4-6a9d60b3239f";"CA-NF"
"2f53e6f3-f2ac-3041-a4e0-737e58c45321";"EC";"0d0e72a0-7d7e-11de-9ae2-0019e336be3a";"EC"
"313a21d5-badc-3f56-b223-8ebf8c7690f6";"TL";"14fec0f0-7d7e-11de-9ae2-0019e336be3a";"TL"
"31c68c64-6657-3dcc-bc06-2d977c76315b";"IAI Area 1";"4484cb2d-50e8-43a0-a79f-80313021306a";"IAI Area 1, Africa"
"324d8a1d-3f81-3730-9509-9a48cee0c5b6";"CR";"0cd04f34-7d7e-11de-9ae2-0019e336be3a";"CR"
"326dde39-0b64-3523-b09f-aa0f427066d8";"UN-SASIA";"e6d3af00-88d2-11de-99d3-0019e336be3a";"UN-SASIA"
"32d7508f-e692-30cb-80af-28441ef746d9";"GA";"0d8399c2-7d7e-11de-9ae2-0019e336be3a";"GA"
"3448354d-7082-3463-90c2-acf805457fcc";;"50f826e7-ab13-444e-987b-180701b691c9";
"35b36b28-916d-38b3-8abd-df832e286126";"VI";"14599396-7d7e-11de-9ae2-0019e336be3a";"VI"
"35c302ef-c91c-31e9-a4e6-490bbe01a06f";"CENTREL";"fd95ae8c-7e2d-11de-9820-0019e336be3a";"CENTREL"
"35ea51ba-f1fe-3f01-82ad-5f950855dde0";"CI";"0ec6dff6-7d7e-11de-9ae2-0019e336be3a";"CI"
"3605c251-087b-3821-ac9b-ca890e07ad9c";"RO";"11813638-7d7e-11de-9ae2-0019e336be3a";"RO"
"3691308f-2a4c-3f69-83f2-880d32e29c84";"SS";"cff5fe64-d6cf-4256-8bd0-428dc0f104f6";"SS"
"37c4a9b5-5f7d-3238-bb72-4623cde79d2a";"CN-HE";"bf7827a3-16a7-4a38-ad02-527898a12a7f";"CN-HE"
"38fed710-7cee-3580-98ca-06304c1beb90";"MW";"0fd0c588-7d7e-11de-9ae2-0019e336be3a";"MW"
"391d04b7-aa3e-3b93-9d1f-4d14740ef5f7";"CA-BC";"533c318c-a189-4fc6-84a8-e9d48eab987c";"CA-BC"
"39b9df3a-0fb3-356d-91a6-3e22260e96ab";"BJ";"0a13f5c0-7d7e-11de-9ae2-0019e336be3a";"BJ"
"3a2d7564-baee-3918-aebc-7b65084aabd1";"RS";"1520c2a4-7d7e-11de-9ae2-0019e336be3a";"RS"
"3d26b0b1-7065-32cf-a9c0-6c010184c684";"MX";"0fa9a53e-7d7e-11de-9ae2-0019e336be3a";"MX"
"3da770cc-56ed-3407-b6aa-f10ad4e72b4d";"JM";"0eed3c64-7d7e-11de-9ae2-0019e336be3a";"JM"
"3e7e122b-f08f-3843-ac96-1ba491089dc9";"LU";"100cd4b0-7d7e-11de-9ae2-0019e336be3a";"LU"
"3e91fecc-17db-3393-ad8f-0e2c0131053d";"AUS-ACT";"96e0124a-b1b0-4303-b26c-44ee5857f3a1";"AUS-ACT"
"3ea7c4c6-7057-3b39-96e1-a3251dda63b2";"CN-SC";"1238ec0d-4167-453a-9ec5-50cfef0782a1";"CN-SC"
"3f071f4f-163d-3855-9f4f-c1544c7f69a6";"GW";"11738740-7d7e-11de-9ae2-0019e336be3a";"GW"
"41256636-7c67-348b-999d-1b7666f8ccfc";"MN";"0f6c1a98-7d7e-11de-9ae2-0019e336be3a";"MN"
"41d6ad07-61a5-327a-9e1b-d567041ce9e9";"SK";"0f515f00-7d7e-11de-9ae2-0019e336be3a";"SK"
"41f3dc5d-9734-339d-86ad-47fe2970dfe0";"UN-CAMERICA";"fc467bec-d8f0-11de-b1d3-0019e336be3a";"UN-CAMERICA"
"4205164e-e2e5-30d6-98fb-7657af40aed6";"NORDEL";"fe0113e8-7e2d-11de-9820-0019e336be3a";"NORDEL"
"4382e0b4-8ddb-3600-bf3d-10de8fabfb86";"AUS-NTR";"dbee0af4-00e0-4280-a377-414d0a39998e";"AUS-NTR"
"43b1cc1d-b7be-33d8-99dd-4280f578691a";"VA";"15265aa2-7d7e-11de-9ae2-0019e336be3a";"VA"
"44193271-0d3b-309d-b869-820f52c4c6db";"SERC";"a7b38401-afb6-4130-86f6-cd5184c6c40e";"SERC"
"442e473c-81d4-34e6-a31e-a13d33c939af";"CN-SA";"232efb31-1dd5-4d00-87a8-5fa631021c17";"CN-SA"
"44ba5ca6-5651-34f3-af19-27576dd35436";"LS";"12ba54da-7d7e-11de-9ae2-0019e336be3a";"LS"
"456c2e75-fe0f-3a57-bd1c-fd87117e0963";"TJ";"13293cec-7d7e-11de-9ae2-0019e336be3a";"TJ"
"4605f628-f91d-321e-8b5f-9433f46e29eb";"IL";"0eb3bcbe-7d7e-11de-9ae2-0019e336be3a";"IL"
"471c1f3f-c1dd-3bb8-8d03-41b03e4be59e";"CY";"0cf40280-7d7e-11de-9ae2-0019e336be3a";"CY"
"4921c0e2-d1f6-305a-be1f-9ec2e2041909";"AI";"0fefde28-7d7e-11de-9ae2-0019e336be3a";"AI"
"4b24ca1d-6a54-335b-811e-38a32aaa0967";"RME";"fd6f25d2-7e2d-11de-9820-0019e336be3a";"RME"
"4c4a60a5-a0d5-369e-ad35-c23714845ace";"CSG";"5b64ff1c-3c47-4adf-b89c-9e18078b9bf7";"CSG"
"4de1b7a4-dc53-34a8-8c25-ffb7cdb580ee";"ET";"0d3920fe-7d7e-11de-9ae2-0019e336be3a";"ET"
"4e29342d-9904-364e-9e25-fd3b92558e2f";"CF";"0cd759a0-7d7e-11de-9ae2-0019e336be3a";"CF"
"4e42f7dd-43ec-3fe1-84de-58610557c5ba";"AG";"09581fbc-7d7e-11de-9ae2-0019e336be3a";"AG"
"4e58188f-f528-3ea1-aec7-38fffc0e118d";"BN";"0a4bff9c-7d7e-11de-9ae2-0019e336be3a";"BN"
"4f146d3d-de5e-3896-8bac-17f57c9eaa05";"Somaliland";"6d7964cb-db0a-4b40-b975-b5d4d6bdb331";"Somaliland"
"4f3dd0ff-b3e4-3c5f-b4b5-b0d8c1f10bb5";"MZ";"0fc883d2-7d7e-11de-9ae2-0019e336be3a";"MZ"
"5109d85d-95fe-3e78-96d9-704e6e5b1279";"PM";"150dbd3a-7d7e-11de-9ae2-0019e336be3a";"PM"
"5123dd8b-087b-344f-9b8f-8603acd1bad4";"GN";"0e34b6f8-7d7e-11de-9ae2-0019e336be3a";"GN"
"52196aa5-4f16-34f9-acbf-26439c42c763";"BQ";"cef71bbd-ab04-4959-ac3b-89a0c55e2e8c";"BQ"
"523af537-946b-39c4-b836-9ed39ba78605";"AD";"10033c48-7d7e-11de-9ae2-0019e336be3a";"AD"
"524dc282-e858-3e44-b59c-05a258bde0bd";"CN-XJ";"e8a978ab-a183-4ce7-b791-760190d8a63c";"CN-XJ"
"5269f4d7-5f5b-375f-8f94-bab2100a5531";"UA";"1387ef8a-7d7e-11de-9ae2-0019e336be3a";"UA"
"5343b21a-d303-3f17-9962-9894deca13db";"GP";"14f2285e-7d7e-11de-9ae2-0019e336be3a";"GP"
"5435c69e-d3bc-35b2-a4d5-80e393e373d3";"CA";"0b2a8a96-7d7e-11de-9ae2-0019e336be3a";"CA"
"546c1bd3-1f98-3d06-b407-1a7319f0ca71";"Canada without Alberta";"39c8f992-22b7-4d59-9be0-eb461b36df2f";"Canada without Alberta"
"54a2bf8c-09ac-367d-b513-aaa1aa7aa0f3";"SL";"12d57c60-7d7e-11de-9ae2-0019e336be3a";"SL"
"5523c88d-d347-31b7-8c61-7f632b7efdb7";"BG";"0a46f524-7d7e-11de-9ae2-0019e336be3a";"BG"
"5566919c-eb38-3560-957c-4fddbf8314c7";"SPP";"79565b15-098f-471f-aa28-d7dd611657db";"SPP"
"55add3d8-45bf-3d87-a9b0-949b0da49c0a";"JP";"0ed905c8-7d7e-11de-9ae2-0019e336be3a";"JP"
"560cccf0-0b87-306f-bffd-5836e1175a7a";"CN-CQ";"8bc809e8-f246-46f7-bf1f-93e34e06befd";"CN-CQ"
"58791f32-2c1b-3c3d-a614-1788d3b8666f";"LR";"0f4c70f8-7d7e-11de-9ae2-0019e336be3a";"LR"
"588c9ca2-d66d-3e43-b7b3-65bfd7e971cf";"NPCC";"d48cee40-0ff1-49d6-a80d-9e0be3e0c2f6";"NPCC"
"59ca4f8b-bb97-33c2-ab59-db115fcdb664";"HN";"0e4809f6-7d7e-11de-9ae2-0019e336be3a";"HN"
"5bb22373-e69e-31fe-b00e-0a38a7129c8c";"AUS-TSM";"fdb06d13-ea53-4a9a-878b-7489f2bae2f7";"AUS-TSM"
"5bd185b8-bc04-31d4-8307-5955dc838694";"CA-ON";"1d87302d-fd96-4acb-9f9f-d3389ba929b7";"CA-ON"
"5c0f2c74-2dc9-3fce-b75d-086e7412f81f";"AUS-NSW";"ee4baa34-3c79-4919-9393-c5d8a9015674";"AUS-NSW"
"5c4fefda-27cf-384c-b999-be13e6b8608a";"TC";"15177c76-7d7e-11de-9ae2-0019e336be3a";"TC"
"5cb7fbc5-6a92-345e-9b8c-205b7d56e247";"CN-JL";"e58a4a8a-ca18-48d8-9023-3628de160e8e";"CN-JL"
"5dae4296-88af-3c52-9ad8-7ac394192c6d";"SG";"12dcac1a-7d7e-11de-9ae2-0019e336be3a";"SG"
"5e08be98-8691-354c-937b-997b4cb6ad97";"GY";"0e3b3d98-7d7e-11de-9ae2-0019e336be3a";"GY"
"5e9c52c6-d618-381e-bd9d-62a294c4979c";"VN";"144e6f5c-7d7e-11de-9ae2-0019e336be3a";"VN"
"5f02f088-9301-3d7b-a1ac-972c11bf3e7d";"DE";"0e0e1020-7d7e-11de-9ae2-0019e336be3a";"DE"
"5f507fb0-b905-3a32-bb57-967d0a3b3b43";"Siachen Glacier";"3dc3c9af-74a3-472e-8af9-070146a3eec9";"Siachen Glacier"
"60418cbc-6847-3b06-a830-253aa9bd9dba";"CN-HU";"2a19941e-dd11-44b4-919f-fb33c9150b71";"CN-HU"
"608e7dc1-16de-3157-b060-12b4f0be82ac";"DM";"0d04edb6-7d7e-11de-9ae2-0019e336be3a";"DM"
"60a4d810-df1e-3895-95b4-025bbedca798";"IAI Area 4&5, without China";"77b2f7ee-3f79-4946-a2d7-50c46d1756d2";"IAI Area 4&5, without China"
"6108d9a8-6ab3-3a57-b470-a194c15a1d16";"CA-SK";"e3aa6506-9887-4e27-9102-b3671e430090";"CA-SK"
"61c8d2f5-500d-37c3-a13e-4ed176dcf6d2";"UN-OCEANIA";"9232290c-e62b-11de-ba56-0019e336be3a";"UN-OCEANIA"
"61ca6a75-802d-39f2-b7b3-09767d6389e0";"CN-SX";"79abbd47-8e8b-4932-94c8-f3518ff110e9";"CN-SX"
"6226f7cb-e59e-39a9-8b5c-ef6f94f966fd";"SD";"12f773b0-7d7e-11de-9ae2-0019e336be3a";"SD"
"626726e6-0bd1-315f-b671-9a308a25b798";"TD";"0cbbba9c-7d7e-11de-9ae2-0019e336be3a";"TD"
"627fcdb6-cc9a-3e16-9657-ca6cdef0a6bb";"ST";"133bfb7a-7d7e-11de-9ae2-0019e336be3a";"ST"
"64ca6097-2a6e-3926-91c4-b9d31080c687";"DJ";"0d0167a4-7d7e-11de-9ae2-0019e336be3a";"DJ"
"64e1e1cb-e1ca-3e88-af3a-838a3e7b57d6";"PR";"11a7c1a4-7d7e-11de-9ae2-0019e336be3a";"PR"
"6515e168-6762-351f-b146-9deb97414906";"SGCC";"4c9baec2-f9fc-4f36-84f7-a3ed2eab82a1";"SGCC"
"66e10e9f-f65e-3479-a54d-de3968d3440d";"NG";"10d6bc3a-7d7e-11de-9ae2-0019e336be3a";"NG"
"674f3384-1e23-39ff-9d24-c85dc3b999de";"JO";"0ef0fe6c-7d7e-11de-9ae2-0019e336be3a";"JO"
"6864f389-d987-3436-bc87-78ff071d1b6c";"MY";"0fbd80a4-7d7e-11de-9ae2-0019e336be3a";"MY"
"6865aeb3-a9ed-38f9-a79e-c454b259e5d0";"CD";"0c29d73a-7d7e-11de-9ae2-0019e336be3a";"CD"
"69206263-69b1-3058-84f5-e3d6f93b5f6e";"BT";"0c67c0cc-7d7e-11de-9ae2-0019e336be3a";"BT"
"6a962563-e235-3178-9e66-3e356ac8d9e4";"TM";"1356be2e-7d7e-11de-9ae2-0019e336be3a";"TM"
"6b356dcf-86c7-3e74-826f-3ae5725687d3";"UN-AMERICAS";"2ea604e6-e5e8-11de-8102-0019e336be3a";"UN-AMERICAS"
"6bb17796-0cff-3545-9414-6bd0821b4560";"Coral Sea Islands";"2267ada9-09f7-4fc9-a93f-5b1e0086107e";"Coral Sea Islands"
"6c68ef81-a341-3ab2-bc21-e280c511bd86";"Québec, HQ distribution network";"c231d8f9-39e9-408c-9884-8508b8f9baf7";"Québec, HQ distribution network"
"6e9cf3ee-f65d-3697-b96c-f33f27eb0f57";"CG";"0c193b28-7d7e-11de-9ae2-0019e336be3a";"CG"
"6ec66e12-4fb9-3c19-8e92-07b0b82f542a";"NA";"145e04ee-7d7e-11de-9ae2-0019e336be3a";"NA"
"6fac3ab6-03bb-3fb4-ae42-77786393194c";"FJ";"0d5bcf64-7d7e-11de-9ae2-0019e336be3a";"FJ"
"710998fd-1b7c-3235-9702-65650770a4b1";"MT";"0f9402ce-7d7e-11de-9ae2-0019e336be3a";"MT"
"7287aa2c-53d0-3440-9a9d-b5614937e36f";"PF";"0d6d36be-7d7e-11de-9ae2-0019e336be3a";"PF"
"73bb4387-b307-3739-aacb-9cd62ac4049c";"TZ";"13615776-7d7e-11de-9ae2-0019e336be3a";"TZ"
"73bebce3-95b6-31ef-adcf-6842fbdb4d76";"IM";"1009d666-7d7e-11de-9ae2-0019e336be3a";"IM"
"73c18c59-a39b-3838-a081-ec00bb456d43";"GG";"1541988a-7d7e-11de-9ae2-0019e336be3a";"GG"
"73ecfbb1-f6be-3c1e-b05a-aca2cb5b216d";"Europe, without Russia and Turkey";"c670b4a0-6051-4935-bafe-866736a010a9";"Europe, without Russia and Turkey"
"742523da-ef59-3b4b-b184-09f46de05d0c";"WS";"14679ce8-7d7e-11de-9ae2-0019e336be3a";"WS"
"74354112-1c12-3113-af80-7d1582c74bea";"SV";"0d349e44-7d7e-11de-9ae2-0019e336be3a";"SV"
"75778bf8-fde7-366d-816b-0089e7b8b793";"FI";"0d512a50-7d7e-11de-9ae2-0019e336be3a";"FI"
"77cbc257-e663-3286-acf6-191754c0c8e3";"SH";"1510fb80-7d7e-11de-9ae2-0019e336be3a";"SH"
"7885444a-f42e-3b30-8518-c5be17c8850b";"GB";"13725fee-7d7e-11de-9ae2-0019e336be3a";"GB"
"78d9238c-1a21-3c8b-be8f-6c26172fb12d";"NF";"10271ce4-7d7e-11de-9ae2-0019e336be3a";"NF"
"793914c9-c583-39d8-ad0f-4ed8c521b0c1";"MD";"1188faee-7d7e-11de-9ae2-0019e336be3a";"MD"
"795237fd-9d10-3e63-8d19-b0db0f2fba2f";"IQ";"0ecd6952-7d7e-11de-9ae2-0019e336be3a";"IQ"
"79563e90-630a-3352-9dff-01b6638b0886";"JE";"1544d680-7d7e-11de-9ae2-0019e336be3a";"JE"
"7b09132e-4f69-3321-b69f-fbaafccb926a";"CN-XZ";"c079ba9b-dc27-45f0-96b5-a3dd168de8ed";"CN-XZ"
"7bbc9d94-7ed7-3d7a-9953-f020aa8fa299";"CN-HN";"9923dac7-3164-4e2f-8723-f343d998072d";"CN-HN"
"7c9df801-238a-3e28-8ae2-675fd3166a1a";"BS";"09da334e-7d7e-11de-9ae2-0019e336be3a";"BS"
"7d0db380-a5b9-3a8b-a1da-0bca241abda1";"AT";"0d3f4416-7d7e-11de-9ae2-0019e336be3a";"AT"
"7d199e42-c733-3c12-87e1-ce5672f33ae6";"Russia (Asia)";"6d696e3b-ac91-486c-8f04-349c496915ae";"Russia (Asia)"
"7dabf5c1-98b0-3ab2-aaa4-2bb03a113e55";"SZ";"146af956-7d7e-11de-9ae2-0019e336be3a";"SZ"
"7e764aa6-b752-3530-855f-0373606d1886";"TRE";"854cdfab-82bf-4c25-8515-ba33589d3efe";"TRE"
"7efdfc94-655a-35dc-aa3e-c85e9bb703fa";"CN";"0c40fa1e-7d7e-11de-9ae2-0019e336be3a";"CN"
"7fa3b767-c460-354a-abe4-d49030b349c7";"NO";"10f1ec30-7d7e-11de-9ae2-0019e336be3a";"NO"
"8091cd9d-b8ec-3623-a5a2-5b61ea85eb98";"CN-QH";"06422af3-6431-4f6f-a555-7c0e008bce8b";"CN-QH"
"817ed804-f0ed-3175-b39d-7576a1c242b1";"Europe without Switzerland";"f9221622-cc45-11de-98ed-0019e336be3a";"Europe without Switzerland"
"818f9c45-cfa3-3eef-b277-ef38bcbe9910";"ER";"0d2ed0a4-7d7e-11de-9ae2-0019e336be3a";"ER"
"820eb5b6-96ea-3a65-bc0d-b1e258dc7d81";"CM";"0cb47d54-7d7e-11de-9ae2-0019e336be3a";"CM"
"823355b6-3ab3-3f0a-8e4d-1367e89abd1c";"BW";"12bee8d8-7d7e-11de-9ae2-0019e336be3a";"BW"
"8264ee52-f589-34c0-991a-a94f87aa1aeb";"QA";"117936fe-7d7e-11de-9ae2-0019e336be3a";"QA"
"82a9e4d2-6595-387a-b6e4-42391d8c5bba";"FR";"0d751636-7d7e-11de-9ae2-0019e336be3a";"FR"
"8364be66-e49f-36e8-8ea4-a8795d469fe3";"IAI Area 3";"f3b8b2cb-5fd9-4cfc-b947-783a102c739e";"IAI Area 3, South America"
"84502834-6281-3742-9577-a349ea768503";"RLA";"09db3260-7e2a-11de-9820-0019e336be3a";"RLA"
"84c26536-0d12-33e3-8ed0-e7fa435f9a45";"Russia (Europe)";"1cfaa6a1-259a-442f-80ca-1070cfbbf6da";"Russia (Europe)"
"85d1a9c4-88d7-317e-a862-91a755e5d43c";"LV";"0f3a36f4-7d7e-11de-9ae2-0019e336be3a";"LV"
"8812c36a-a5ae-336c-aa77-bf63211d899a";"PS";"1019325a-7d7e-11de-9ae2-0019e336be3a";"PS"
"888ae6c0-9317-341c-86a4-6bfdf09b72fa";"CA-AB";"6bf93cce-7c23-463e-9962-898efa030fa2";"CA-AB"
"89484b14-b36a-3d53-a942-6a3d944d2983";"RU";"12143bfe-7d7e-11de-9ae2-0019e336be3a";"RU"
"89aa4b19-6b48-38a1-ba65-49bb1eaebd80";"MU";"0f8a5012-7d7e-11de-9ae2-0019e336be3a";"MU"
"8b3274b7-55aa-3339-82f5-7fb557e25923";"UZ";"142f54c8-7d7e-11de-9ae2-0019e336be3a";"UZ"
"8bcc25c9-6aa5-371f-ba76-309077753e67";"AU";"09b1a988-7d7e-11de-9ae2-0019e336be3a";"AU"
"8c7e6965-b416-3689-a88b-313bbe7450f9";"KN";"12a2ee3a-7d7e-11de-9ae2-0019e336be3a";"KN"
"8dc6a685-44c9-3a1c-b937-78a6de2d9830";"UCTE without Germany and France";"088a91da-e0cc-11de-823b-0019e336be3a";"UCTE without Germany and France"
"8ebf61e1-cf59-357c-b93d-225d0ccb7181";"ENTSO-E";"f87aa98c-d820-11de-a736-0019e336be3a";"ENTSO-E"
"8f697344-3337-3a4d-a98b-fb261935fd20";"CN-HB";"06bbed25-6ebe-48aa-9b92-300bddaeb2b7";"CN-HB"
"8f775bae-e910-3a54-8541-f4a49f87b2f2";"Clipperton Island";"e9f525be-34b8-45b6-9c33-5daf8b97fe7c";"Clipperton Island"
"8f93bdbf-02dd-37f2-9c94-15b7adb0520c";"CN-JX";"f5c62675-f6ae-4bc4-8c9b-3b737ef2ea53";"CN-JX"
"8fe4c114-5128-3c09-8a65-78e6ddbf5eed";"PW";"1505b46e-7d7e-11de-9ae2-0019e336be3a";"PW"
"9008f9e2-758f-38fe-920b-1765e72734d5";"KZ";"0f1fdb74-7d7e-11de-9ae2-0019e336be3a";"KZ"
"910955a9-07e7-39b8-9ec8-855763108a29";"BE";"0ff33cbc-7d7e-11de-9ae2-0019e336be3a";"BE"
"92073d2f-e26e-343c-a222-cc0fb0b7d7a0";"GM";"0d7e9abc-7d7e-11de-9ae2-0019e336be3a";"GM"
"9331c8d7-3b48-3a8f-a4a8-2ea976840ba9";"Asia without China";"b7ac8bd0-a9d4-4caf-a832-48a0f3660da7";"Asia without China"
"94d03594-5b3d-3218-a669-c4d3f6daa104";"MV";"0f9f2f00-7d7e-11de-9ae2-0019e336be3a";"MV"
"94f8eaf5-2a69-3408-a868-564ba00a53e9";"CN-NM";"da5d7825-8e05-4bad-b026-4204389cdef3";"CN-NM"
"959848ca-10cc-3a60-9a81-8ac11523dc63";"ZA";"12b21766-7d7e-11de-9ae2-0019e336be3a";"ZA"
"95b09ece-0ccc-3fa4-89f0-ef29d63c6dbe";"UN-EASIA";"2b57aeea-88d5-11de-99d3-0019e336be3a";"UN-EASIA"
"95cc64dd-2825-39df-93ec-4ad683ecf339";"CS";"4eb91d59-44f6-4ec6-9f21-0c48bcf3becf";"CS"
"97282b27-8e5d-3186-af8e-57204e4820e5";"AL";"097c2556-7d7e-11de-9ae2-0019e336be3a";"AL"
"9825d889-e0ea-346a-8a60-09d9de7ad000";"CN-YN";"f41e84aa-2c80-451e-a7ab-594acc1b096d";"CN-YN"
"9830e1f8-1f62-3b33-906a-cc186b93374e";"ML";"0f7d8030-7d7e-11de-9ae2-0019e336be3a";"ML"
"988287f7-a1eb-366f-bc4e-19bdbdeec7c3";"KI";"0f0882c6-7d7e-11de-9ae2-0019e336be3a";"KI"
"99d4fb3d-b156-3c87-9a2c-dfc0158b37c3";"BI";"0c33b64c-7d7e-11de-9ae2-0019e336be3a";"BI"
"9a0db1a8-1866-3aaa-9f25-881d425e2981";"Canada without Alberta or Quebec";"ae9d0b20-e4e3-4cd3-9699-63eca5319c9b";"Canada without Alberta and Quebec"
"9b05de73-d43f-3c4e-8111-0c6bcc5312bc";"KM";"0cc14d18-7d7e-11de-9ae2-0019e336be3a";"KM"
"9c049173-fad5-34f8-9c68-231237df85b8";"CZ";"0d45a5d6-7d7e-11de-9ae2-0019e336be3a";"CZ"
"9c7e385f-c425-3258-a571-a94454d24b2b";"UN-MELANESIA";"13fd916a-e62c-11de-ba56-0019e336be3a";"UN-MELANESIA"
"9cea1e24-73aa-3499-95fa-34faac95b3e7";"AX";"1023d322-7d7e-11de-9ae2-0019e336be3a";"AX"
"9e854e58-6592-3fe3-961f-e89d56220808";"KY";"0cb02330-7d7e-11de-9ae2-0019e336be3a";"KY"
"9ebe579b-1c4d-361f-97a7-4d7f59fcb7a6";"Akrotiri";"7abf336a-09c3-487b-bdc3-989bbe50ee05";"Akrotiri"
"a0e80568-b717-32ee-ac16-0fb0030b51cd";"CN-GZ";"4a743c1d-f819-4398-b389-784b84de386e";"CN-GZ"
"a1555463-c361-3703-aa27-4a8b44e29192";"ZW";"147cde5a-7d7e-11de-9ae2-0019e336be3a";"ZW"
"a2788633-a453-37e8-ac1d-c6c5b63300b2";"IAI Area, EU27 & EFTA";"b7fcfda9-0add-49aa-87d4-d60f3bda4283";"IAI Area, EU27 & EFTA"
"a2a551a6-458a-3de2-a446-cc76d639a9e9";"IS";"0e5d5856-7d7e-11de-9ae2-0019e336be3a";"IS"
"a2d8fced-03cb-3e20-af8e-1226935c9c92";"XK";"ca32e3be-5acc-4486-88cf-731cdff3b9c5";"XK"
"a335f1f7-79cd-311f-b82e-33648aa17cd3";"IAI Area 8";"058885d6-d0a9-48ff-8d95-4baacf75ce97";"IAI Area 8, Gulf"
"a4dbfd6a-ef3b-3045-be61-aa0146debdf8";"CU";"0ce31d3a-7d7e-11de-9ae2-0019e336be3a";"CU"
"a6be8a33-b7c9-37f4-bfb7-6d9c9805c7eb";"GD";"0d9a9384-7d7e-11de-9ae2-0019e336be3a";"GD"
"a8a64cef-262a-34de-8872-b68b63ab7cd8";"SAS";"30e68c9c-7e2a-11de-9820-0019e336be3a";"SAS"
"aa44e6fb-24ea-30f5-9463-91346594e4e8";"CA-NB";"b8ce14f4-e09b-4117-b4dd-d74af99da744";"CA-NB"
"aae773f6-9106-3fd9-95d0-c38764e6dccd";"Guantanamo Bay";"f557e57c-b331-4ed4-b103-cb9a167c71b0";"Guantanamo Bay"
"aafb96b2-fa88-36be-b07c-4496867bad56";"TN";"133fc02a-7d7e-11de-9ae2-0019e336be3a";"TN"
"ab6c0400-6660-3ef2-919d-512b21dce9ab";"CO";"0cc6c45a-7d7e-11de-9ae2-0019e336be3a";"CO"
"ab86a1e1-ef70-3ff9-b959-067b723c5c24";"ME";"101cf458-7d7e-11de-9ae2-0019e336be3a";"ME"
"ac5585d9-8646-3255-a99c-359140537783";"SI";"12d0bd4c-7d7e-11de-9ae2-0019e336be3a";"SI"
"accc9105-df53-3311-9407-fd5b41255e23";"TT";"1317a572-7d7e-11de-9ae2-0019e336be3a";"TT"
"ad7532d5-b386-3a40-8fbe-01f9455dca36";"BO";"09fd4f82-7d7e-11de-9ae2-0019e336be3a";"BO"
"adab7b70-1f23-3b82-814c-8506d3dc784e";"HR";"0e4ef37e-7d7e-11de-9ae2-0019e336be3a";"HR"
"adac5e63-f80f-3629-a957-3527b25891d3";"AO";"098771a4-7d7e-11de-9ae2-0019e336be3a";"AO"
"add33b5c-114e-39e1-8996-ebe46366c661";"HICC";"598f9aa4-e409-11de-bce5-0019e336be3a";"HICC"
"ae417185-6a75-37b6-bd51-fc0e1f95902e";"HK";"0ff7be54-7d7e-11de-9ae2-0019e336be3a";"HK"
"af92823f-638d-36d7-8406-451a58f61543";"IAI Area 2, without Quebec";"4a81aea7-bf37-4c83-ac1e-9a2050f88920";"IAI Area 2, without Quebec"
"afbe94cd-be69-393e-babc-9f1325fc7dff";"SN";"12c6a37a-7d7e-11de-9ae2-0019e336be3a";"SN"
"b005ad12-9444-3268-8084-f19bf5e19729";"BZ";"09f36814-7d7e-11de-9ae2-0019e336be3a";"BZ"
"b04ebbb9-1260-3d5b-a16f-5f2a16c4886e";"AUS-VCT";"7441e29d-0a88-49fa-8ce4-eeb7f1949f2f";"AUS-VCT"
"b2b04af9-f8f3-3b06-a29e-03ac8d3c24ca";"AQ";"105b361e-7d7e-11de-9ae2-0019e336be3a";"AQ"
"b320e7db-c758-3ba6-8839-81eb83c9d7d7";"RNA";"0fecb5e8-7e2a-11de-9820-0019e336be3a";"RNA"
"b351bb9b-0af6-34fc-a787-49675c53ad67";"MG";"0f6066da-7d7e-11de-9ae2-0019e336be3a";"MG"
"b380c952-746f-3cf9-89ae-d6562c7ee132";"BALTSO";"d4c8443a-d821-11de-b50d-0019e336be3a";"BALTSO"
"b3cd915d-7580-38bd-99d0-f2428fbb354a";"MM";"0a06dd7c-7d7e-11de-9ae2-0019e336be3a";"MM"
"b40feb9f-0afa-3eab-9c03-5085ecbbb908";"Cyprus No Mans Area";"4aa2a59b-aed0-4438-9db4-960357820659";"Cyprus No Mans Area"
"b5bf27b2-555d-344e-bdf2-230080db5a1d";"SJ";"152d7e40-7d7e-11de-9ae2-0019e336be3a";"SJ"
"b633c174-f67b-3819-a2a4-ef89f2d5b8cb";"UCTE";"ce1503be-7060-4959-8387-bc3ea3f4c885";"UCTE"
"b6717b91-c759-3cc0-bf30-aa9a784e6390";"TK";"132fcda0-7d7e-11de-9ae2-0019e336be3a";"TK"
"b6bb43df-4525-3928-a105-fb5741bddbea";"AE";"14f9e5d0-7d7e-11de-9ae2-0019e336be3a";"AE"
"b6c0a73a-ad7d-352e-a96f-0e22769d89d5";"CN-LN";"13b215dc-598a-480e-98e6-13675076ac78";"CN-LN"
"b74df323-e393-3b56-b635-a2cba7a7afba";"MA";"0f848e98-7d7e-11de-9ae2-0019e336be3a";"MA"
"b787d22d-9cb0-3342-a58b-f546039117bc";"AW";"0fec983a-7d7e-11de-9ae2-0019e336be3a";"AW"
"b807023f-87e6-3b8a-9a92-f79f546ff9cc";"SO";"12e2e22e-7d7e-11de-9ae2-0019e336be3a";"SO"
"b80bb774-0288-3da1-b201-890375a60c8f";"ID";"14ba15f4-7d7e-11de-9ae2-0019e336be3a";"ID"
"b84a1ed8-db3d-3bf3-b8f4-9becdea153b2";"GQ";"0d245584-7d7e-11de-9ae2-0019e336be3a";"GQ"
"b89fbb5e-5b12-3fbf-84e0-dde2a1af83e7";"CN-AH";"2f82cf2a-d2e0-4be3-b60c-399bfe93d403";"CN-AH"
"b9b1f592-541c-3b02-bd41-1f6ea05a6ea5";"UN-POLYNESIA";"4d22983c-e62c-11de-ba56-0019e336be3a";"UN-POLYNESIA"
"bc388e13-830e-35bd-8be3-d90b027ac5ad";"AUS-AC";"4a271c88-5c3c-42de-9bee-1e950cc9d9f5";"AUS-AC"
"bd6ef2ee-f612-38be-bce0-90c8e64ebaa9";"Northern Cyprus";"92f428e3-0631-408a-bb78-7cc010f272ca";"Northern Cyprus"
"bef33c35-d56a-3154-a9e2-b20a11d7580f";"CA-NT";"5fb3ee97-3981-4918-b09a-4de1b1fdb517";"CA-NT"
"c04cd38a-eb30-33ad-9f8a-b4e64a0ded7b";"AM";"09818690-7d7e-11de-9ae2-0019e336be3a";"AM"
"c08bba7a-0c03-36f1-951e-8474d853ecbf";"BH";"09cf6a0e-7d7e-11de-9ae2-0019e336be3a";"BH"
"c12e01f2-a13f-3558-be1e-9e4aedb8242d";"SA";"129c6a88-7d7e-11de-9ae2-0019e336be3a";"SA"
"c1b291cb-8522-336e-8217-31b509c9fcdd";"WF";"14644bba-7d7e-11de-9ae2-0019e336be3a";"WF"
"c290d478-7431-3b6d-8372-325203b55c32";"CA-NU";"1325cfa3-2b0d-487e-8d46-3e66b4b00f85";"CA-NU"
"c419b06b-4c65-39b5-8ff0-5adb3b8424f1";"BD";"09e8ed3a-7d7e-11de-9ae2-0019e336be3a";"BD"
"c4f314d4-d365-310d-89a0-42946be99544";"CA-NS";"8cd8dbae-aa08-44b0-be67-6ed7e876cedd";"CA-NS"
"c4f57fe2-5b64-3193-8cfd-d118f11e9024";"France, including overseas territories";"28d52c97-56c5-4bcd-9504-ccc5b4797c67";"France, including overseas territories"
"c56e5259-4d4e-3e7f-acb2-b96c4637b486";"VC";"1436d536-7d7e-11de-9ae2-0019e336be3a";"VC"
"c582dec9-43ff-3b74-baa0-691df291cea6";"AR";"09951f84-7d7e-11de-9ae2-0019e336be3a";"AR"
"c7439785-e07d-3db1-a531-12b8a73fb9c2";"CN-HA";"dd10b4f5-3c51-4c62-9b32-a111e15e3e52";"CN-HA"
"c79e1b28-6fb1-3529-9b3c-ee6960c2ec63";;"ae85cec6-cc61-4a0d-a322-5fb10b6b4ece";
"c8a55d0a-2f9b-377b-816d-54961f14d202";;"f37ced82-5df8-48c2-a207-1e36dd11a112";
"c9089f3c-9ada-3018-af6f-fb1ee8d6501c";"LA";"0f2f07ac-7d7e-11de-9ae2-0019e336be3a";"LA"
"c97b334f-fd41-3a49-9708-3f1949632bc1";"NZ";"11258d1a-7d7e-11de-9ae2-0019e336be3a";"NZ"
"c9a1fdac-6e08-3dd8-9e71-73244f34d7b3";"TV";"1351b0f0-7d7e-11de-9ae2-0019e336be3a";"TV"
"c9f9d7dd-806c-3412-a041-837a80f47c64";"BF";"1420c7f0-7d7e-11de-9ae2-0019e336be3a";"BF"
"cc8c0a97-c2df-3d73-8aff-160b65aa39e2";"AZ";"096781b4-7d7e-11de-9ae2-0019e336be3a";"AZ"
"cc9dabdf-852c-3698-ae98-b3d1d8b1c324";"Serranilla Bank";"c692fbb4-53d5-4e63-920d-361e98c90dab";"Serranilla Bank"
"cda0fd29-18d1-3e20-ac87-1ed79a8d2bb0";"MRO";"39185d7c-a546-424b-8605-6bc8e94e109f";"MRO"
"cdba052d-e53c-3173-b857-3d555fad2c16";"UCTE without Germany";"dde7310e-e0d0-11de-823b-0019e336be3a";"UCTE without Germany"
"ce1d5a24-80e0-34a2-91c1-c7968cc66c13";"GL";"0dc048d6-7d7e-11de-9ae2-0019e336be3a";"GL"
"ceaa2d09-0b6e-398c-98b3-41c15d7db178";"AUS-QNS";"3624a72f-ca5a-48d6-be41-27e705be5b61";"AUS-QNS"
"cf3fc916-339b-32ad-9c14-aca2425ccf53";"NP";"110f1ea4-7d7e-11de-9ae2-0019e336be3a";"NP"
"cf7ec575-43e5-3274-8c54-1e9ec72461bd";"Al producing Area 2, North America";"446707ca-ceb0-4e24-b794-73e95e6154c0";"IAI Area 2, North America"
"cfd7a475-f752-3ef8-95e8-d042c4511dd3";"Bajo Nuevo";"43c4f591-2b61-4145-a9f6-e10b4349c2cd";"Bajo Nuevo"
"d0ea3a63-8908-3b86-a4f9-10b6170de942";"Scarborough Reef";"aa97629e-e94b-4270-a042-979d38785ecd";"Scarborough Reef"
"d0fa06cd-9333-3c8c-ae35-7ffe5cd1c4e9";"LK";"0c13823c-7d7e-11de-9ae2-0019e336be3a";"LK"
"d1e780c1-ae55-3086-82ed-b9f568342c46";"FRCC";"dfd92cab-e7c7-4ca8-8abc-2fb6fd064dbc";"FRCC"
"d2a460df-08a4-3b7a-958f-635b540d90cb";"GU";"0e1a52e0-7d7e-11de-9ae2-0019e336be3a";"GU"
"d34c6aba-144a-3e2d-acb4-0dd5f93ae50e";"UN-SAMERICA";"1ae80e7c-e5e3-11de-a739-0019e336be3a";"UN-SAMERICA"
"d4579b26-88d6-3523-9f40-2f6b4b43bcbf";"DO";"0d083d04-7d7e-11de-9ae2-0019e336be3a";"DO"
"d4f91763-3649-33c4-bc7a-b917fa990146";"NE";"0fe7b522-7d7e-11de-9ae2-0019e336be3a";"NE"
"d54185b7-1f61-3c30-a396-ac4bc44d3269";"SC";"12a65db8-7d7e-11de-9ae2-0019e336be3a";"SC"
"d58da822-8993-3d8c-8ec4-f40689c2847e";"OM";"0f980b80-7d7e-11de-9ae2-0019e336be3a";"OM"
"d5a5b3dd-1ccb-30d3-8360-f0c068fd43fc";"CK";"0cf01346-7d7e-11de-9ae2-0019e336be3a";"CK"
"d66c264e-1dbd-33e6-911d-3ffc70908e8e";"RER";"0723d252-7e2a-11de-9820-0019e336be3a";"RER"
"d692bc40-d834-33d2-8d3a-37582f58468c";"GR";"0e22b962-7d7e-11de-9ae2-0019e336be3a";"GR"
"d6fd0924-e324-3506-a9ae-0295adf59567";"MC";"1013310c-7d7e-11de-9ae2-0019e336be3a";"MC"
"d70c1e5d-44de-3a91-90eb-91ecff563578";"LI";"0f55e480-7d7e-11de-9ae2-0019e336be3a";"LI"
"d74eea48-99a6-3f9f-8bc5-27ef988ea0ff";"IR";"0ea9e766-7d7e-11de-9ae2-0019e336be3a";"IR"
"d88fc6ed-f21e-3464-935f-f76288b84103";"CH";"131278d6-7d7e-11de-9ae2-0019e336be3a";"CH"
"d91af695-8918-3f87-96a0-57c1cdf5b225";"LT";"0f46d4ea-7d7e-11de-9ae2-0019e336be3a";"LT"
"d9394066-970e-34ae-a52f-d0347e58c03e";"MR";"0f8e6c2e-7d7e-11de-9ae2-0019e336be3a";"MR"
"d9a20693-e28e-33ac-aa03-8df3b3bfa273";"ASCC";"a9c3be27-affe-464c-8ebf-996d8ab6a958";"ASCC"
"d9c29677-6530-3ff5-92a5-ab979ed1f7a0";"ZM";"147563fa-7d7e-11de-9ae2-0019e336be3a";"ZM"
"da657f65-6f70-3a48-893f-64cf7be37d09";"UN-NEUROPE";"548bd19c-88d5-11de-99d3-0019e336be3a";"UN-NEUROPE"
"da984e42-a589-3bbd-ac49-6ef0cbadcee2";"PH";"119679bc-7d7e-11de-9ae2-0019e336be3a";"PH"
"db28a51a-61d7-3b0b-bb5c-a1c0a25db72e";"UN-EEUROPE";"50ec320c-88d5-11de-99d3-0019e336be3a";"UN-EEUROPE"
"dc634e20-7282-3fe0-b5be-9a2063390544";"BR";"0a2c8c66-7d7e-11de-9ae2-0019e336be3a";"BR"
"dc7ab83e-bd9d-34f0-b536-65279847ff3b";;"a2d4e588-e0d1-11de-823b-0019e336be3a";
"dcf0d7d2-cd12-3bf4-a580-d43f29785dd3";"KR";"0f0f980e-7d7e-11de-9ae2-0019e336be3a";"KR"
"dd07de85-6139-3a7c-b7f8-fcc1752d45e1";"PE";"11387d6c-7d7e-11de-9ae2-0019e336be3a";"PE"
"de3ec0aa-2234-3a1e-bee2-75bbc715c6c9";"CV";"0cec2628-7d7e-11de-9ae2-0019e336be3a";"CV"
"ded0804c-f804-36d2-ae37-953dc2dbc505";"PN";"150266d8-7d7e-11de-9ae2-0019e336be3a";"PN"
"df3f079d-e696-3496-b046-0dcfdbf9bca3";"BY";"0f405034-7d7e-11de-9ae2-0019e336be3a";"BY"
"dfed5bc1-77b8-3ab3-97c5-84e06566adc6";"PY";"11311298-7d7e-11de-9ae2-0019e336be3a";"PY"
"e0da2e3f-1c41-368e-b7f1-d1aa54166975";"CN-GD";"fbfd6cb0-56b1-4d0b-a13f-7f9f213f9afa";"CN-GD"
"e110324f-3d3c-3394-a6f8-f87e742dcaa4";"UN-EAFRICA";"e3daf92a-88d2-11de-99d3-0019e336be3a";"UN-EAFRICA"
"e22428cc-f96c-3a96-b4a9-39c209ad1000";"SR";"1117f7f4-7d7e-11de-9ae2-0019e336be3a";"SR"
"e22dbdd9-06f5-3598-accc-59c8ff842535";"CN-ZJ";"a959ec4b-3db6-4b9f-9ea6-897fbcfdc610";"CN-ZJ"
"e2494db3-71b1-310e-bc75-5ff220d01c47";"CA-MB";"aae610ca-cdef-4c81-9631-ded55d455444";"CA-MB"
"e39deabc-78c0-37a0-a5dd-30a225aa9eec";"UN-ASIA";"d509536a-7e28-11de-9820-0019e336be3a";"UN-ASIA"
"e40e7f95-3d17-3bfe-bd65-a885f2088578";"CN-HL";"0f7b1e31-0d0b-404a-994b-e3cd1b7586f0";"CN-HL"
"e529a9ce-a4a7-38eb-9c58-28b13b22844c";"PA";"115546c2-7d7e-11de-9ae2-0019e336be3a";"PA"
"e5bb2379-7bfe-3314-a3db-43d07dbd6a74";"GF";"0d4ac2be-7d7e-11de-9ae2-0019e336be3a";"GF"
"e66b9cb6-fca6-3058-b3fc-ab1eea7e2162";"CN-GX";"c6b0afc2-8321-49aa-81f3-a793417eed91";"CN-GX"
"e6a559e6-6b21-3ad9-adc0-c6200a221dd2";;"6432879f-dc31-4e80-bc55-573f72dafee8";
"e6c151d4-49e1-3b05-b1ff-b5ad5ec656cf";"NI";"111cdba2-7d7e-11de-9ae2-0019e336be3a";"NI"
"e71864bf-656a-3133-8489-a428120c0ada";"UN-MAFRICA";"e60b420e-88d2-11de-99d3-0019e336be3a";"UN-MAFRICA"
"e728b477-51c6-3559-82cb-60f97d1e4553";"LY";"0f59bb46-7d7e-11de-9ae2-0019e336be3a";"LY"
"e743b51e-41f8-3369-9418-34177c8f34e7";"UCTE without France";"26c31b7c-e0d1-11de-823b-0019e336be3a";"UCTE without France"
"e7d707a2-6e7f-3b6f-b52c-489c60e429b1";"TR";"1347b0a0-7d7e-11de-9ae2-0019e336be3a";"TR"
"e7d76f14-42a7-3fc0-bec2-21a3f18683d1";"Canary Islands";"6a0f08e3-19ed-4748-a62f-f0920f99d65a";"Canary Islands"
"e832ff92-78c2-3ab2-8f7d-d0ca126994bf";"UN-SEASIA";"4aff9c9e-88d5-11de-99d3-0019e336be3a";"UN-SEASIA"
"e914aa2b-6272-3660-9305-a03124b4d9a8";"Spratly Islands";"6ba95ea2-6963-4dad-aa26-a5b45785e7f0";"Spratly Islands"
"ea81aa7d-f47d-34c6-b37b-f98fabf3ff82";"MF";"153b614a-7d7e-11de-9ae2-0019e336be3a";"MF"
"eabb18f0-a40c-3b35-9237-0c9e1bc1d61e";"VE";"143d4e2a-7d7e-11de-9ae2-0019e336be3a";"VE"
"eb5e48e7-4123-3acc-9276-1302ea4a7d22";"HT";"0e422e82-7d7e-11de-9ae2-0019e336be3a";"HT"
"ebe86682-666f-3ab3-9a08-43ed3097e4b3";"KG";"0efacce4-7d7e-11de-9ae2-0019e336be3a";"KG"
"ed79acb0-cd3d-3f83-a0c5-3c7798335ef0";"SM";"15146d88-7d7e-11de-9ae2-0019e336be3a";"SM"
"ed8f5b7e-7439-3143-b43a-93dc753618ae";"MH";"15099fa2-7d7e-11de-9ae2-0019e336be3a";"MH"
"ee33e909-372d-335d-990f-4fcb2a92d542";"MS";"0f759550-7d7e-11de-9ae2-0019e336be3a";"MS"
"eed80702-4939-3808-883f-0031a56e9872";"FO";"0fff8e5e-7d7e-11de-9ae2-0019e336be3a";"FO"
"ef1cb6e7-2d14-3b18-8cc2-41037203f60b";"FK";"0d627bf2-7d7e-11de-9ae2-0019e336be3a";"FK"
"efad7abb-323e-3d40-9628-4c8a6da076a1";"SE";"1301c428-7d7e-11de-9ae2-0019e336be3a";"SE"
"f0357a3f-154b-32ff-a2bf-f55055457068";"AF";"0c608726-7d7e-11de-9ae2-0019e336be3a";"AF"
"f15daa22-c911-3f89-ba04-2f020804afd5";"CN-FJ";"7ac3c1e7-0b7d-4ff9-9aa5-0d67d7da37fa";"CN-FJ"
"f567050c-e361-3177-9fa7-6e7c5134e860";;"5d5718f2-ee74-462a-888c-be4d534ef542";
"f60425bb-5d9d-361c-8365-b042007676c0";"Central Asia";"23ccc3fe-88d5-11de-99d3-0019e336be3a";"Central Asia"
"f62a6cfc-7bf3-3556-a8b3-a168accf9875";"WECC";"3af78f04-f008-43fd-8e29-dccfba3075c7";"WECC"
"f9180cb9-286c-39c4-b3a6-c793798b9ddf";"CIS";"14a80a4c-7e2a-11de-9820-0019e336be3a";"FSU"
"f970e276-7d0c-3e75-876e-a857f92e319b";"AS";"098df75e-7d7e-11de-9ae2-0019e336be3a";"AS"
"f98ed07a-4d5f-30f7-9e14-10d905f1477f";"IO";"10c45112-7d7e-11de-9ae2-0019e336be3a";"IO"
"f9d758b6-d15e-3238-aa0e-e0a3b949fc32";"UN-NAFRICA";"e675a82e-88d2-11de-99d3-0019e336be3a";"UN-NAFRICA"
"fa0ed5b5-c600-345b-9d9a-299952b99651";"YT";"10207fa6-7d7e-11de-9ae2-0019e336be3a";"YT"
"fa46ec0b-4924-38c2-994a-53ef61b94039";"KH";"0c0d5768-7d7e-11de-9ae2-0019e336be3a";"KH"
"fb033b5d-d7d0-37f5-a147-c0bfed75d56c";"UN-WAFRICA";"e89dc6f4-88d2-11de-99d3-0019e336be3a";"UN-WAFRICA"
"fc88ecd5-d3d6-3669-a708-4b9a86e8907d";"CN-NX";"9e2f10b3-138f-4320-95a3-ea3853c5fbdd";"CN-NX"
"fc9fdf08-4e29-3f26-a270-390dc49061a2";"PT";"115c647a-7d7e-11de-9ae2-0019e336be3a";"PT"
"fd18772c-bac1-3277-b20d-cccc1b90efb9";"BL";"153e85be-7d7e-11de-9ae2-0019e336be3a";"BL"
"fe8f0f22-0c96-348b-86c2-b27e42d27f04";"UN-SEUROPE";"57c8c52c-88d5-11de-99d3-0019e336be3a";"UN-SEUROPE"
